{"cameraMode":{"drawMode":0,"name":"Shaded","section":"Shading Mode"},"sceneLighting":true,"audioPlay":false,"sceneViewState":{"m_AlwaysRefresh":false,"showFog":true,"showSkybox":true,"showFlares":true,"showImageEffects":true,"showParticleSystems":true,"showVisualEffectGraphs":true,"m_FxEnabled":true},"in2DMode":false,"pivot":{"x":0.7240300178527832,"y":0.6780899167060852,"z":-0.002277095802128315},"rotation":{"x":-0.0034639632795006038,"y":0.9664311408996582,"z":-0.25657421350479128,"w":-0.013047602027654648},"size":8.676594734191895,"orthographic":true}